,id,tree_id,parent_id,title,description,participant,condition,created,is_example,example_id,replicated_tree_id,study,discarded,done
0,5468,586,5466.0,Zeitplanung,,542.0,,2021-09-20 18:12:15,0,,,,0,
1,5467,586,5465.0,Vorlesung besuchen,,542.0,,2021-09-20 18:11:45,0,,,,0,
2,5466,586,5465.0,Lernen,,542.0,,2021-09-20 18:11:16,0,,,,0,
3,5465,586,5464.0,gute Klausuren ,,542.0,,2021-09-20 18:10:52,0,,,,0,
4,5464,586,,erfolgreiches Studiu,,542.0,,2021-09-20 18:10:00,0,,,,0,
5,5463,585,5461.0,Zusammenhänge,,536.0,,2021-09-20 18:05:53,0,,,,0,
6,5462,585,5461.0,Was gibt's alles?,,536.0,,2021-09-20 18:05:16,0,,,,0,
7,5461,585,,breites Fachwissen,,536.0,,2021-09-20 18:02:14,0,,,,0,
8,5460,584,5453.0,Anmeldung beim PA,Formulare ausfüllen,529.0,,2021-09-20 10:32:39,0,,,,0,
9,5459,584,5453.0,Literaturrecherche,Mindestens 5 Studien finden,529.0,,2021-09-20 10:32:12,0,,,,0,
10,5458,584,5454.0,Absprachen treffen,Mit Betreuer treffen,529.0,,2021-09-20 10:31:33,0,,,,0,
11,5457,584,5454.0,Literatur lesen,Bortz lesen und recherchieren,529.0,,2021-09-20 10:31:18,0,,,,0,
12,5456,584,5455.0,Variablen berechnen,Syntax erstellen,529.0,,2021-09-20 10:30:44,0,,,,0,
13,5455,584,5454.0,Moderationsanalyse,Bortz lesen und auf SPSS anwenden,529.0,,2021-09-20 10:27:19,0,,,,0,
14,5454,584,5453.0,Daten auswerten,korrekte Statistik anwenden und SPSS Syntax schreiben,529.0,,2021-09-20 10:25:51,0,,,,0,
15,5453,584,,BA schreiben,,529.0,,2021-09-20 10:24:44,0,,,,0,
16,5452,583,5448.0,Adv. Unity,,521.0,,2021-09-15 10:45:45,0,,,,0,
17,5451,583,5450.0,TF freecodecamp,,521.0,,2021-09-15 10:45:30,0,,,,0,
18,5450,583,5449.0,Oktober Vorbereitung,,521.0,,2021-09-15 10:45:15,0,,,,0,
19,5449,583,5448.0,ANNs in TF,,521.0,,2021-09-15 10:44:51,0,,,,0,
20,5448,583,5432.0,Kurse,,521.0,,2021-09-15 10:44:39,0,,,,0,
21,5447,583,5443.0,Uni vs. Firma,,521.0,,2021-09-15 10:44:05,0,,,,0,
22,5446,583,5443.0,Thema finden,,521.0,,2021-09-15 10:43:45,0,,,,0,
23,5445,583,5443.0,Professor finden,,521.0,,2021-09-15 10:43:30,0,,,,0,
24,5444,583,5439.0,Recherche&Schreiben,,521.0,,2021-09-15 10:41:05,0,,,,0,
25,5443,583,5439.0,Vorbereitung,,521.0,,2021-09-15 10:40:38,0,,,,0,
26,5442,583,5439.0,Thema finden,,521.0,,2021-09-15 10:40:11,0,,,,1,
27,5441,583,5439.0,Uni vs. Firma,,521.0,,2021-09-15 10:40:05,0,,,,1,
28,5440,583,5439.0,Professor finden,,521.0,,2021-09-15 10:39:50,0,,,,1,
29,5439,583,5432.0,Masterarbeit,,521.0,,2021-09-15 10:39:00,0,,,,0,
30,5438,583,5434.0,Major 2,,521.0,,2021-09-15 10:38:33,0,,,,0,
31,5437,583,5434.0,Major 1,,521.0,,2021-09-15 10:38:15,0,,,,0,
32,5436,583,5434.0,Bish. ECTS auflisten,,521.0,,2021-09-15 10:38:00,0,,,,0,
33,5435,583,5432.0,Studyprojekt beenden,,521.0,,2021-09-15 10:36:52,0,,,,0,
34,5434,583,5433.0,Focus-Module wählen,Für beide Majors herausfinden auf welche Module ich meinen Schwerpunkt setzen möchte,521.0,,2021-09-15 10:35:43,0,,,,0,
35,5433,583,5432.0,Majors abschließen,2x 16 ECTS,521.0,,2021-09-15 10:33:51,0,,,,0,
36,5432,583,,Studium abschließen,,521.0,,2021-09-15 10:30:07,0,,,,0,
54,5414,576,5413.0,Unterziel 2.2.1,,496.0,,2021-09-09 10:40:44,0,,,,0,
55,5413,576,5411.0,Unterziel 2.2,,496.0,,2021-09-09 10:40:28,0,,,,0,
56,5412,576,5411.0,Unterziel 2.1,,496.0,,2021-09-09 10:40:18,0,,,,0,
57,5411,576,5407.0,Unterziel 2,,496.0,,2021-09-09 10:40:07,0,,,,0,
58,5410,576,5408.0,Unterziel 1.1.2,,496.0,,2021-09-09 10:39:56,0,,,,0,
59,5409,576,5408.0,Unterziel  1.1.1,,496.0,,2021-09-09 10:39:46,0,,,,0,
60,5408,576,5407.0,Unterziel 1.1,,496.0,,2021-09-09 10:39:24,0,,,,0,
61,5407,576,5402.0,Unterziel 1,,496.0,,2021-09-09 10:39:11,0,,,,0,
62,5406,576,5403.0,Unterziel 2.1.1,,496.0,,2021-09-09 10:38:40,0,,,,1,
63,5405,576,5403.0,Unterziel 1.1,,496.0,,2021-09-09 10:38:04,0,,,,1,
64,5404,576,5402.0,Unterziel 2,,496.0,,2021-09-09 10:37:53,0,,,,1,
65,5403,576,5402.0,Unterziel 1,,496.0,,2021-09-09 10:37:44,0,,,,1,
66,5402,576,,Oberziel,,496.0,,2021-09-09 10:36:54,0,,,,0,
67,5401,575,5399.0,Zeit für hobbys,Zeit für wichtiges nehnmen,484.0,,2021-09-07 18:11:50,0,,,,0,
68,5400,575,5399.0,Nicht prokrastiniere,,484.0,,2021-09-07 18:07:39,0,,,,0,
69,5399,575,5391.0,Zeitmenagement,,484.0,,2021-09-07 18:05:23,0,,,,0,
70,5398,575,5394.0,Lerngruppen,,484.0,,2021-09-07 18:03:56,0,,,,0,
71,5397,575,5392.0,Mit anderen austausc,,484.0,,2021-09-07 18:02:35,0,,,,0,
72,5396,575,5394.0,Ordentliche Notizen,,484.0,,2021-09-07 18:01:52,0,,,,0,
73,5395,575,5394.0,Lernpläne erstellen,,484.0,,2021-09-07 18:01:10,0,,,,0,
74,5394,575,5391.0,Gute Noten,,484.0,,2021-09-07 18:00:44,0,,,,0,
75,5393,575,5392.0,Module kennenlernen ,Kurse aus allen Kursen belegen ,484.0,,2021-09-07 18:00:09,0,,,,0,
76,5392,575,5391.0,Passende Module find,"Eine informierte Entscheidung darüber treffen, welche Module die richtigen für mich sind",484.0,,2021-09-07 17:58:32,0,,,,0,
77,5391,575,,Studium beenden ,,484.0,,2021-09-07 17:55:45,0,,,,0,
80,5388,573,5380.0,korrekt spechen,"Aussprache und Grammatik korrigieren, wo nötig",477.0,,2021-09-04 18:50:32,0,,,,0,
81,5387,573,5380.0,flüssig sprechen,"einfache Gespräche führen können, ohne ständig im Kopf zu übersetzen",477.0,,2021-09-04 18:49:37,0,,,,0,
82,5386,573,5380.0,Vokabular erweitern,"Vokabular so erweitern, dass man Zeitung, Bücher, Internetseiten in der Sprache verstehen kann.",477.0,,2021-09-04 18:48:36,0,,,,0,
83,5385,573,5380.0,Redewendungen,typische Redewendungen der neuen Sprache verstehen und benutzen können.,477.0,,2021-09-04 18:47:06,0,,,,0,
84,5384,573,5380.0,Weitere Zeiten,Vergangenheit und Zukunft ausdrücken können,477.0,,2021-09-04 18:45:45,0,,,,0,
85,5383,573,5380.0,Grundvokabular,"Worte für Verwandte, Zahlen, Tages- und Jahreszeiten, Alltagsgegenstände lernen.",477.0,,2021-09-04 18:44:46,0,,,,0,
86,5382,573,5380.0,einfache Grammatik,"Bei einfachen Sätzen Wortstellung, Subjekt, Objekt, Verb verstehen",477.0,,2021-09-04 18:42:51,0,,,,0,
87,5381,573,5380.0,flüssig lesen können,"Die Zuordnung von Buchstaben und Lauten soweit kennen, dass man den Klang der Worte richtig im Kopf hat.",477.0,,2021-09-04 18:40:43,0,,,,0,
88,5380,573,,neue Sprache lernen,,477.0,,2021-09-04 18:38:22,0,,,,0,
89,5379,572,5377.0,Zeichnen,Visualisierung und Betrachtung des Verfahrens ,472.0,,2021-09-03 13:33:17,0,,,,0,
90,5378,572,5377.0,Dokumentation,Eine gelungenen Dokumentation ist hilfreich für die Entwicklung des Verfahrens,472.0,,2021-09-03 13:31:37,0,,,,0,
91,5377,572,,Verfahren erstellen,,472.0,,2021-09-03 13:27:34,0,,,,0,
93,5375,570,5373.0,Vorbereitung,Anlage der Ecmo,460.0,,2021-08-31 20:42:09,0,,,,0,
94,5374,570,5373.0,Fortbildungen,"Vorbereitung,Anlage, Nachbereitung",460.0,,2021-08-31 20:41:13,0,,,,0,
95,5373,570,,Ecmo lernen,,460.0,,2021-08-31 20:39:44,0,,,,0,
96,5372,569,5366.0,Pünktlich anmelden,,453.0,,2021-08-31 14:16:06,0,,,,0,
97,5371,569,5366.0,Frist setzen,Frist bis der Stoff gelernt ist,453.0,,2021-08-31 14:15:57,0,,,,0,
98,5370,569,5368.0,Anderen vorsprechen,,453.0,,2021-08-31 14:14:56,0,,,,0,
99,5369,569,5368.0,Wiederholen,,453.0,,2021-08-31 14:14:47,0,,,,0,
100,5368,569,5365.0,Lernen,,453.0,,2021-08-31 14:14:22,0,,,,0,
101,5367,569,5365.0,Übersicht erstellen,Mitschriften und Powerpoints zusammentragen,453.0,,2021-08-31 14:14:05,0,,,,0,
102,5366,569,5364.0,Zeiten einhalten,An allen Klausurterminen vorbereitet und anwesend sein,453.0,,2021-08-31 14:12:55,0,,,,0,
103,5365,569,5364.0,Stoff verinnerlichen,Die für die Klausur wichtigen Unterrichtsinhalte verstehen ,453.0,,2021-08-31 14:12:21,0,,,,0,
104,5364,569,,Klausuren bestehen,,453.0,,2021-08-31 14:10:32,0,,,,0,
105,5363,568,5356.0,Thema aussuchen,,450.0,,2021-08-31 11:29:51,0,,,,0,
106,5362,568,5356.0,Arbeit anmelden,,450.0,,2021-08-31 11:29:43,0,,,,0,
107,5361,568,5357.0,Anmeldung,,450.0,,2021-08-31 11:29:30,0,,,,0,
108,5360,568,5358.0,Klausuren schreiben,,450.0,,2021-08-31 11:29:22,0,,,,0,
109,5359,568,5358.0,Kurse belegen,,450.0,,2021-08-31 11:29:13,0,,,,0,
110,5358,568,5355.0,Kurse beenden,,450.0,,2021-08-31 11:28:52,0,,,,0,
111,5357,568,5354.0,Auslandssemester,,450.0,,2021-08-31 11:28:31,0,,,,0,
112,5356,568,5354.0,Bachelorarbeit,,450.0,,2021-08-31 11:28:15,0,,,,0,
113,5355,568,5354.0,Module abschließen,,450.0,,2021-08-31 11:27:32,0,,,,0,
114,5354,568,,Studium abschließen,,450.0,,2021-08-31 11:26:45,0,,,,0,
116,5352,567,5351.0,Arbeit dokumentieren,Ich notiere was ich tue und zu welchem Zweck sowie die Ergebnisse und Erkenntnisse.,440.0,,2021-08-27 13:59:01,0,,,,0,
117,5351,567,,Bachelorarbeit,,440.0,,2021-08-27 13:54:14,0,,,,0,
118,5350,566,5348.0,zeitlich flexibel,,433.0,,2021-08-25 17:26:10,0,,,,0,
119,5349,566,5347.0,Wochenplan,für die Kurse,433.0,,2021-08-25 17:25:27,0,,,,0,
120,5348,566,5343.0,Methoden lernen,eigenständig,433.0,,2021-08-25 17:24:11,0,,,,0,
121,5347,566,5344.0,Nacharbeiten,am selben Tag,433.0,,2021-08-25 17:23:50,0,,,,0,
122,5346,566,5344.0,Vorlesung hören,,433.0,,2021-08-25 17:23:26,0,,,,0,
123,5345,566,5344.0,Nacharbeiten,am selben Tag,433.0,,2021-08-25 17:21:56,0,,,,1,
124,5344,566,5343.0,Kursarbeit,Kurse bestehen,433.0,,2021-08-25 17:16:28,0,,,,0,
125,5343,566,,Masterstudium,,433.0,,2021-08-25 17:15:16,0,,,,0,
126,5342,565,5340.0,Leistungen einreiche,täglichen E-Mail-Verkehr managen,431.0,,2021-08-25 17:01:49,0,,,,0,
127,5341,565,5340.0,VP Stunden ,genug VP Stunden bis zum 30.9. sammeln,431.0,,2021-08-25 17:00:25,0,,,,0,
128,5340,565,,Studium abschließen,,431.0,,2021-08-25 16:59:51,0,,,,0,
129,5339,564,,Vegan werden,,428.0,,2021-08-25 16:43:02,0,,,,0,
130,5338,563,5335.0,Phd,,424.0,,2021-08-24 08:38:34,0,,,,0,
131,5337,563,5335.0,Master Platz ,,424.0,,2021-08-24 08:38:15,0,,,,0,
132,5336,563,5335.0,Bachelor ,In nächste 2 Jahren einen Bachelor Abschluss haben und mit Master anfangen ,424.0,,2021-08-24 08:37:53,0,,,,0,
133,5335,563,,Studium abschließen ,,424.0,,2021-08-24 08:37:03,0,,,,0,
134,5334,562,5331.0,Mitarbeiten,,421.0,,2021-08-23 15:21:38,0,,,,0,
135,5333,562,5331.0,Informatik belegen,,421.0,,2021-08-23 15:20:57,0,,,,0,
136,5332,562,5331.0,Proframmieren lernen,,421.0,,2021-08-23 15:20:06,0,,,,0,
137,5331,562,,Berufsvorbereitung,,421.0,,2021-08-23 15:17:48,0,,,,0,
138,5330,561,5324.0,Vorbereiten         ,für Klausur lernen,420.0,,2021-08-23 14:49:03,0,,,,0,
139,5329,561,5324.0,Klausur schreiben,,420.0,,2021-08-23 14:48:20,0,,,,0,
140,5328,561,5324.0,Klausuranmeldung,,420.0,,2021-08-23 14:48:02,0,,,,0,
141,5327,561,5326.0,Hausaufgaben,,420.0,,2021-08-23 14:47:29,0,,,,0,
142,5326,561,5324.0,Klausurzulassung,"Klausurzulassung erwerben
",420.0,,2021-08-23 14:47:11,0,,,,0,
143,5325,561,5324.0,Vorlesungen besuchen,,420.0,,2021-08-23 14:46:49,0,,,,0,
144,5324,561,5320.0,Kurse absolvieren,,420.0,,2021-08-23 14:45:42,0,,,,0,
145,5323,561,5321.0,angebotene Kurse,"herausfinden, welche Kurse im Semester angeboten werden",420.0,,2021-08-23 14:45:18,0,,,,0,
146,5322,561,5321.0,benötigte Module,"Herausfinden, welche Module ich noch benötige",420.0,,2021-08-23 14:44:16,0,,,,0,
147,5321,561,5320.0,Kurse auswählen,,420.0,,2021-08-23 14:42:45,0,,,,0,
148,5320,561,,Semester schaffen,,420.0,,2021-08-23 14:39:19,0,,,,0,
149,5319,559,5314.0,Ausland Pflicht,Muss halt ne. Am besten bald(semester 4) und am besten an einem spannenden ort.,415.0,,2021-08-23 12:37:53,0,,,,0,
151,5317,559,5314.0,"Inland, Management?","Könnte später hilfreich sein. Schadet ECTS/Semester. Könnte aber bessere chanchen einen guten job später zu bekommen bedeuten
",415.0,,2021-08-23 12:37:17,0,,,,0,
152,5316,559,5313.0,Noten,"Auch wichtig. Note pro ECTS stellt Leistung da. Beinflusst spätere aussichten auf job.
",415.0,,2021-08-23 12:34:42,0,,,,0,
153,5315,559,5313.0,ECTS,"Fortschritt ist wichtig. ECTS pro Semester stellen fortschritt da.
",415.0,,2021-08-23 12:33:51,0,,,,0,
154,5314,559,5312.0,Praktika,,415.0,,2021-08-23 12:33:05,0,,,,0,
155,5313,559,5312.0,Uni,,415.0,,2021-08-23 12:32:40,0,,,,0,
156,5312,559,,Master+,,415.0,,2021-08-23 12:32:13,0,,,,0,
157,5311,558,5302.0,Vorbereitung,,411.0,,2021-08-23 11:10:29,0,,,,0,
158,5310,558,5301.0,Korrekturlesen,,411.0,,2021-08-23 11:09:40,0,,,,0,
159,5309,558,5301.0,Ergebnisse,,411.0,,2021-08-23 11:09:31,0,,,,0,
160,5308,558,5301.0,Daten auswerten,,411.0,,2021-08-23 11:08:45,0,,,,0,
161,5307,558,5301.0,Daten erheben,,411.0,,2021-08-23 11:08:37,0,,,,0,
162,5306,558,5301.0,Literaturrecherche,,411.0,,2021-08-23 11:08:30,0,,,,0,
163,5305,558,5301.0,Thema auswählen,,411.0,,2021-08-23 11:08:24,0,,,,0,
164,5304,558,5302.0,Planung,,411.0,,2021-08-23 11:08:12,0,,,,0,
165,5303,558,5302.0,Bewerbung,,411.0,,2021-08-23 11:07:59,0,,,,0,
166,5302,558,5296.0,Forschungspraktikum,,411.0,,2021-08-23 11:07:16,0,,,,0,
167,5301,558,5296.0,Bachelorarbeit,,411.0,,2021-08-23 11:07:09,0,,,,0,
168,5300,558,5296.0,Wahlkurse,,411.0,,2021-08-23 11:06:56,0,,,,0,
169,5299,558,5296.0,Pflichtkurse,,411.0,,2021-08-23 11:06:45,0,,,,0,
170,5298,558,5295.0,Promotion,,411.0,,2021-08-23 11:06:24,0,,,,0,
171,5297,558,5295.0,Master,,411.0,,2021-08-23 11:06:13,0,,,,0,
172,5296,558,5295.0,Bachelor,,411.0,,2021-08-23 11:06:06,0,,,,0,
173,5295,558,,wissenschaft. Arbeit,,411.0,,2021-08-23 11:05:03,0,,,,0,
174,5294,557,5274.0,Abgabe,,407.0,,2021-08-23 09:12:25,0,,,,0,
175,5293,557,5274.0,Korrektur,,407.0,,2021-08-23 09:12:20,0,,,,0,
176,5292,557,5274.0,unabhängige Lesung,,407.0,,2021-08-23 09:12:12,0,,,,0,
177,5291,557,5274.0,Schreibprozess,,407.0,,2021-08-23 09:11:34,0,,,,0,
178,5290,557,5274.0,Themenfindung,,407.0,,2021-08-23 09:11:17,0,,,,0,
179,5289,557,5274.0,Gliederung,,407.0,,2021-08-23 09:11:04,0,,,,0,
180,5288,557,5274.0,Literatursuche,,407.0,,2021-08-23 09:10:29,0,,,,0,
181,5287,557,5273.0,Bibliothek,,407.0,,2021-08-23 09:09:29,0,,,,0,
182,5286,557,5273.0,Internet,,407.0,,2021-08-23 09:08:59,0,,,,0,
183,5285,557,5281.0,Freundin,,407.0,,2021-08-23 09:08:24,0,,,,0,
184,5284,557,5281.0,Handy,,407.0,,2021-08-23 09:08:20,0,,,,0,
185,5283,557,5281.0,Netflix,,407.0,,2021-08-23 09:08:17,0,,,,0,
186,5282,557,5281.0,Ausflüge,,407.0,,2021-08-23 09:08:12,0,,,,0,
187,5281,557,5275.0,Belohnungen,,407.0,,2021-08-23 09:07:33,0,,,,0,
188,5280,557,5276.0,Keine Ausflüge,,407.0,,2021-08-23 09:07:22,0,,,,0,
189,5279,557,5276.0,Keine Freundin,,407.0,,2021-08-23 09:07:14,0,,,,0,
190,5278,557,5276.0,Kein Netflix,,407.0,,2021-08-23 09:06:47,0,,,,0,
191,5277,557,5276.0,Kein Handy,,407.0,,2021-08-23 09:05:40,0,,,,0,
192,5276,557,5275.0,Weniger Ablenkung,,407.0,,2021-08-23 09:05:16,0,,,,0,
193,5275,557,5272.0,Motivation,,407.0,,2021-08-23 09:04:31,0,,,,0,
194,5274,557,5272.0,Struktur,,407.0,,2021-08-23 09:04:20,0,,,,0,
195,5273,557,5272.0,Literatur,,407.0,,2021-08-23 09:04:10,0,,,,0,
196,5272,557,,Bachelorarbeit,,407.0,,2021-08-23 09:02:29,0,,,,0,
197,5271,556,5269.0,Programm Fähigkeiten,,401.0,,2021-08-22 11:01:43,0,,,,0,
198,5270,556,5269.0,Studium abschließen,Bachelor und Master beenden,401.0,,2021-08-22 11:00:57,0,,,,0,
199,5269,556,,Häuser bauen,,401.0,,2021-08-22 11:00:14,0,,,,0,
200,5268,555,5264.0,Zitate,Zitate die generell die Motivation fördern,393.0,,2021-08-19 17:32:33,0,,,,0,
201,5267,555,5264.0,Zeitraumsetzung,Wie viel Zeit gebe ich mir um neue Skills mir anzueignen ,393.0,,2021-08-19 17:28:42,0,,,,0,
202,5266,555,5264.0,Neue Skills,Zielsetzungen,393.0,,2021-08-19 17:27:44,0,,,,0,
203,5265,555,5264.0,Gelernte skills,Gelernte skills identifizieren ,393.0,,2021-08-19 17:25:29,0,,,,0,
204,5264,555,,Motivation steigern,,393.0,,2021-08-19 17:22:50,0,,,,0,
205,5263,554,5258.0,Freizeitplan,"freie Zeit einteilen, für die Entspannung",391.0,,2021-08-19 15:24:26,0,,,,0,
206,5262,554,5258.0,Arbeitsplan,Die Arbeit dem Studium anpassen.,391.0,,2021-08-19 15:23:26,0,,,,0,
207,5261,554,5258.0,Lernplan,Lernplan erstellen,391.0,,2021-08-19 15:22:54,0,,,,0,
208,5260,554,5258.0,Module wählen,Die passenden Module für das dritte Semester wählen,391.0,,2021-08-19 15:22:30,0,,,,0,
209,5259,554,5258.0,3.Semester ,Das dritte Semester erfolgreich abschließen.,391.0,,2021-08-19 15:21:10,0,,,,0,
210,5258,554,,Studium abschließen,,391.0,,2021-08-19 15:20:28,0,,,,0,
211,5257,553,5250.0,Regelmäßiges Üben,,388.0,,2021-08-19 13:37:27,0,,,,0,
212,5256,553,5250.0,Richtige App suchen,,388.0,,2021-08-19 13:37:21,0,,,,0,
213,5255,553,5251.0,Zeit dafür nehmen,,388.0,,2021-08-19 13:36:55,0,,,,0,
214,5254,553,5251.0,Sprachbücher kaufen,,388.0,,2021-08-19 13:36:44,0,,,,0,
215,5253,553,5249.0,Anmelden,,388.0,,2021-08-19 13:36:21,0,,,,0,
216,5252,553,5249.0,Kurse recherchieren,,388.0,,2021-08-19 13:36:01,0,,,,0,
217,5251,553,5248.0,Bücher lesen,,388.0,,2021-08-19 13:35:34,0,,,,0,
218,5250,553,5248.0,App installieren,,388.0,,2021-08-19 13:35:15,0,,,,0,
219,5249,553,5248.0,Kurs belegen,,388.0,,2021-08-19 13:34:51,0,,,,0,
220,5248,553,,Griechisch lernen,,388.0,,2021-08-19 13:33:40,0,,,,0,
221,5247,551,5240.0,Bücher verkaufen,,377.0,,2021-08-18 08:09:58,0,,,,0,
222,5246,551,5240.0,Dokumente sortieren,,377.0,,2021-08-18 08:09:52,0,,,,0,
223,5245,551,5240.0,Masterbewerbung,,377.0,,2021-08-18 08:09:43,0,,,,0,
224,5244,551,5240.0,Praktikum beenden,,377.0,,2021-08-18 08:09:24,0,,,,0,
225,5243,551,5240.0,VP-Stunden sammeln,,377.0,,2021-08-18 08:09:16,0,,,,0,
227,5241,551,5240.0,Bachelorarbeit,Bachelorarbeit fertig schreiben,377.0,,2021-08-18 08:08:58,0,,,,0,
228,5240,551,,Bachelor abschließen,,377.0,,2021-08-18 08:08:13,0,,,,0,
229,5239,550,5228.0,Freunde/Verwandte,Erfahrungsberichte der engeren Vertrauten,374.0,,2021-08-17 19:15:16,0,,,,0,
230,5238,550,5228.0,Erfahrungsberichte,,374.0,,2021-08-17 19:14:57,0,,,,0,
231,5237,550,5231.0,Möglichkeiten,,374.0,,2021-08-17 19:14:19,0,,,,0,
232,5236,550,5231.0,Umfeld,,374.0,,2021-08-17 19:14:14,0,,,,0,
233,5235,550,5231.0,Finanzielle Absicher,,374.0,,2021-08-17 19:14:06,0,,,,0,
234,5234,550,5232.0,Universität,,374.0,,2021-08-17 19:13:56,0,,,,0,
235,5233,550,5232.0,Hochschule,,374.0,,2021-08-17 19:13:52,0,,,,0,
236,5232,550,5227.0,Art der Fakultät,,374.0,,2021-08-17 19:13:45,0,,,,0,
237,5231,550,5227.0,Studienort,,374.0,,2021-08-17 19:13:23,0,,,,0,
238,5230,550,5227.0,Berufsfelder/Branche,,374.0,,2021-08-17 19:13:07,0,,,,0,
239,5229,550,5227.0,Interessen berücksic,,374.0,,2021-08-17 19:12:35,0,,,,0,
240,5228,550,5227.0,Studiengangsuche,,374.0,,2021-08-17 19:12:27,0,,,,0,
241,5227,550,5224.0,Studium,,374.0,,2021-08-17 19:12:17,0,,,,0,
242,5226,550,5224.0,Themengebiete,,374.0,,2021-08-17 19:11:50,0,,,,1,
243,5225,550,5224.0,Studiengangsuche,,374.0,,2021-08-17 19:10:57,0,,,,1,
244,5224,550,,Ingenieur ,,374.0,,2021-08-17 19:10:44,0,,,,0,
245,5223,549,5213.0,Zeitmanagement,,371.0,,2021-08-17 15:46:41,0,,,,0,
246,5222,549,5220.0,Bestätigen,,371.0,,2021-08-17 15:46:25,0,,,,0,
247,5221,549,5220.0,Sammeln,,371.0,,2021-08-17 15:46:20,0,,,,0,
248,5220,549,5213.0,VP-Stunden,,371.0,,2021-08-17 15:46:08,0,,,,0,
249,5219,549,5217.0,Bericht,,371.0,,2021-08-17 15:45:54,0,,,,0,
250,5218,549,5217.0,Praktikumsstelle ,,371.0,,2021-08-17 15:45:50,0,,,,0,
251,5217,549,5213.0,Praktika,,371.0,,2021-08-17 15:45:33,0,,,,0,
252,5216,549,5214.0,Seminare,"Referate, Anmelden, Anwesenheit ",371.0,,2021-08-17 15:45:20,0,,,,0,
253,5215,549,5214.0,Prüfungen,"Planen, Lernen, Bestehen",371.0,,2021-08-17 15:45:00,0,,,,0,
254,5214,549,5213.0,Module absolvieren,"Prüfungen
Seminare ",371.0,,2021-08-17 15:43:54,0,,,,0,
255,5213,549,,Studium abschließen,,371.0,,2021-08-17 15:43:23,0,,,,0,
256,5212,548,5207.0,Anwenden,,369.0,,2021-08-17 15:15:02,0,,,,0,
257,5211,548,5207.0,Wiederholen,,369.0,,2021-08-17 15:14:59,0,,,,0,
258,5210,548,5207.0,Lernen,,369.0,,2021-08-17 15:14:57,0,,,,0,
259,5209,548,5207.0,Wortschatz,,369.0,,2021-08-17 15:13:55,0,,,,1,
260,5208,548,5207.0,Grammatik,,369.0,,2021-08-17 15:13:47,0,,,,1,
261,5207,548,,Schwedisch lernen,,369.0,,2021-08-17 15:13:02,0,,,,0,
262,5206,547,5198.0,Austausch,"Austausch mit anderen Studierenden, ggf. Supervisor, ggf. Studienleitung",364.0,,2021-08-17 07:34:51,0,,,,0,
263,5205,547,5202.0,Puffer einplanen,Puffer für unerwartete Verzögerungen einplanen,364.0,,2021-08-17 07:33:47,0,,,,0,
264,5204,547,5202.0,Pausen einplanen,Arbeitspausen fest einplanan,364.0,,2021-08-17 07:33:13,0,,,,0,
265,5203,547,5202.0,Zeitplan updaten,Im Prozess die Planung aktualisieren und überarbeiten,364.0,,2021-08-17 07:32:26,0,,,,0,
266,5202,547,5198.0,Zeitplan erstellen,"groben Zeitplan für Research, schreiben, Fristen erstellen
",364.0,,2021-08-17 07:31:59,0,,,,0,
267,5201,547,5200.0,Schreiben & Anmelden,Je nach Komplexität in abweichender Reihenfolge,364.0,,2021-08-17 07:31:21,0,,,,0,
268,5200,547,5199.0,Daten sammeln,"Daten für die BA sammeln, Hintergrundwissen aneignen, Materialien suchen",364.0,,2021-08-17 07:30:33,0,,,,0,
269,5199,547,5198.0,Thema finden,"Thema für die BA finden, Prof. anschreiben, ggf. Unternehmen finden",364.0,,2021-08-17 07:29:11,0,,,,0,
270,5198,547,,Bachelorarbeit ,,364.0,,2021-08-17 07:27:44,0,,,,0,
271,5197,546,5191.0,Wiederholen,,362.0,,2021-08-16 19:26:06,0,,,,0,
272,5196,546,5191.0,Themenblöcke bilden,,362.0,,2021-08-16 19:25:55,0,,,,0,
273,5195,546,5192.0,Zeit pro Aufgabe,,362.0,,2021-08-16 19:25:32,0,,,,0,
274,5194,546,5192.0,Pausen,,362.0,,2021-08-16 19:25:09,0,,,,0,
275,5193,546,5192.0,Priorisierung,,362.0,,2021-08-16 19:24:57,0,,,,0,
276,5192,546,5190.0,Zeitmanagement,,362.0,,2021-08-16 19:24:30,0,,,,0,
277,5191,546,5190.0,Zielgerichtet Lernen,,362.0,,2021-08-16 19:24:08,0,,,,0,
278,5190,546,,Prüfungen bestehen,,362.0,,2021-08-16 19:23:33,0,,,,0,
279,5189,545,5186.0,Kurse belegen,,357.0,,2021-08-16 10:00:56,0,,,,0,
280,5188,545,5186.0,Sensory Physiology,,357.0,,2021-08-16 10:00:35,0,,,,0,
281,5187,545,5186.0,Mathe bestehen,"Vorlesungen durcharbeiten
Aufgaben der jeweiligen Kapitel lösen
3 Probeklausuren",357.0,,2021-08-16 09:59:27,0,,,,0,
282,5186,545,,Semester abschließen,,357.0,,2021-08-16 09:56:53,0,,,,0,
283,5185,544,5183.0,Organisation der Arb,"Sinnvolle Planung der Arbeit, alle Aufgaben die erledigt werden müssen ",345.0,,2021-08-16 07:27:40,0,,,,0,
284,5184,544,5183.0,Zeitmanagement ,6 Monate Bearbeitungszeit sinnvoll aufteilen,345.0,,2021-08-16 07:26:18,0,,,,0,
285,5183,544,5182.0,Masterarbeit erstell,,345.0,,2021-08-16 07:25:23,0,,,,0,
286,5182,544,,Studium abschließen,,345.0,,2021-08-16 07:23:51,0,,,,0,
288,5180,542,5173.0,alle Scheine sammeln,,339.0,,2021-08-13 14:55:18,0,,,,0,
289,5179,542,5173.0,Expose für Prof,,339.0,,2021-08-13 14:54:49,0,,,,0,
290,5178,542,5174.0,VP Stunden holen,,339.0,,2021-08-13 14:53:16,0,,,,0,
291,5177,542,5175.0,alte Scheine sammeln,,339.0,,2021-08-13 14:52:44,0,,,,0,
292,5176,542,5175.0,neue Scheine holen,,339.0,,2021-08-13 14:52:21,0,,,,0,
293,5175,542,5174.0,Wechsel PO,,339.0,,2021-08-13 14:51:19,0,,,,0,
294,5174,542,5173.0,Scheine einreichen,,339.0,,2021-08-13 14:48:44,0,,,,0,
295,5173,542,,Anmelden: Bachelorar,,339.0,,2021-08-13 14:47:57,0,,,,0,
296,5172,541,,Gebärdenspr. lernen,,334.0,,2021-08-12 11:07:11,0,,,,0,
301,5167,539,5164.0,6. Semester,,330.0,,2021-08-12 07:28:55,0,,,,0,
302,5166,539,5164.0,Auslandssemester,,330.0,,2021-08-12 07:28:45,0,,,,0,
303,5165,539,5163.0,Bachelorarbeit,,330.0,,2021-08-12 07:28:32,0,,,,0,
304,5164,539,5163.0,Module abschließen,,330.0,,2021-08-12 07:28:06,0,,,,0,
305,5163,539,,Bachelor abschließen,,330.0,,2021-08-12 07:27:18,0,,,,0,
306,5162,538,5161.0,Zeitplan machen,,323.0,,2021-08-11 10:51:04,0,,,,0,
307,5161,538,5160.0,Arsch hoch kriegen,,323.0,,2021-08-11 10:50:57,0,,,,0,
308,5160,538,5157.0,Zeitplan einhalten,,323.0,,2021-08-11 10:50:02,0,,,,0,
309,5159,538,5158.0,Zeitplan machen,,323.0,,2021-08-11 10:49:22,0,,,,1,
310,5158,538,5157.0,Arsch hoch kriegen,,323.0,,2021-08-11 10:48:57,0,,,,1,
311,5157,538,,Studium abschließen,,323.0,,2021-08-11 10:47:54,0,,,,0,
312,5156,537,5148.0,Bisheriges sortieren,,309.0,,2021-08-10 10:56:32,0,,,,0,
313,5155,537,5147.0,Expose lesen,,309.0,,2021-08-10 10:56:01,0,,,,0,
314,5154,537,5146.0,Proposal lesen,,309.0,,2021-08-10 10:55:53,0,,,,0,
315,5153,537,5149.0,Studien ausdrucken,,309.0,,2021-08-10 10:55:33,0,,,,0,
316,5152,537,5149.0,AO arbeiten lesen,,309.0,,2021-08-10 10:55:11,0,,,,0,
317,5151,537,5149.0,Anikas Arbeit lesen,,309.0,,2021-08-10 10:54:55,0,,,,0,
318,5150,537,5149.0,Sophies Arbeit lesen,,309.0,,2021-08-10 10:54:46,0,,,,0,
319,5149,537,5141.0,Andere Arbeiten lese,,309.0,,2021-08-10 10:54:34,0,,,,0,
320,5148,537,5142.0,Ordner dafür anlegen,,309.0,,2021-08-10 10:54:09,0,,,,0,
321,5147,537,5141.0,Expose schreiben,,309.0,,2021-08-10 10:53:46,0,,,,0,
322,5146,537,5141.0,Proposal schreiben,,309.0,,2021-08-10 10:53:38,0,,,,0,
323,5145,537,5144.0,Nach Pomodoro/Eisen,,309.0,,2021-08-10 10:53:26,0,,,,0,
324,5144,537,5143.0,Studien sortieren,,309.0,,2021-08-10 10:53:11,0,,,,0,
325,5143,537,5141.0,Studien suchen,,309.0,,2021-08-10 10:52:57,0,,,,0,
326,5142,537,5141.0,Gliederung schreiben,"Aufschreiben einer Liste von To Dos
",309.0,,2021-08-10 10:50:44,0,,,,0,
327,5141,537,,Bachelorarbeit ,,309.0,,2021-08-10 10:49:23,0,,,,0,
328,5140,536,5132.0,Alles zusammenführen,,307.0,,2021-08-10 09:38:01,0,,,,0,
329,5139,536,5138.0,Spezifisch anfragen,,307.0,,2021-08-10 09:37:25,0,,,,0,
330,5138,536,5137.0,Informieren,,307.0,,2021-08-10 09:36:50,0,,,,0,
331,5137,536,5129.0,Was kommt danach?,,307.0,,2021-08-10 09:36:40,0,,,,0,
332,5136,536,5130.0,Prüfungen halten,,307.0,,2021-08-10 09:36:20,0,,,,0,
333,5135,536,5130.0,Klausuren schreiben,,307.0,,2021-08-10 09:36:02,0,,,,0,
334,5134,536,5132.0,Inhalte finden,,307.0,,2021-08-10 09:35:36,0,,,,0,
335,5133,536,5132.0,Thema finden,,307.0,,2021-08-10 09:35:10,0,,,,0,
336,5132,536,5131.0,Zeitplan erstellen,,307.0,,2021-08-10 09:34:56,0,,,,0,
337,5131,536,5129.0,Arbeit schreiben,,307.0,,2021-08-10 09:34:30,0,,,,0,
338,5130,536,5129.0,Kurse abschließen,,307.0,,2021-08-10 09:34:04,0,,,,0,
339,5129,536,,Studium abschließen,,307.0,,2021-08-10 09:33:00,0,,,,0,
342,5126,534,5124.0,Sekreteriat,Nachzahlung beantragen ,300.0,,2021-08-09 17:19:42,0,,,,0,
344,5124,534,5122.0,Semesterbeitrag ,"Semesterbeitrag zahlen, für Prüfungen anmelden",300.0,,2021-08-09 15:31:11,0,,,,0,
345,5123,534,5121.0,Praktikum fertig ,Fristen einhalten ,300.0,,2021-08-09 15:30:37,0,,,,0,
346,5122,534,5121.0,3. Semester fertig,3. Semester als schwierigstes Semester abschließen. ,300.0,,2021-08-09 15:30:11,0,,,,0,
347,5121,534,5120.0,Bachelor abschließen,"Alle Klausuren im Bachelor bestehen, Praktikum, Seminare und sonstige Leistungen",300.0,,2021-08-09 15:29:09,0,,,,0,
348,5120,534,,Studium abschließen,,300.0,,2021-08-09 15:28:03,0,,,,0,
351,5117,531,5116.0,Ausbildung beenden,,290.0,,2021-08-08 17:30:59,0,,,,0,
352,5116,531,,Studium abschließen,,290.0,,2021-08-08 17:30:23,0,,,,0,
353,5115,530,5112.0,Selbstvertrauen,,286.0,,2021-08-08 15:01:14,0,,,,0,
354,5114,530,5112.0,Endspurt,Kurz vor der klausur gut viel in die Bib gehen,286.0,,2021-08-08 14:59:32,0,,,,0,
355,5113,530,5112.0,Mitarbeit,Im semester stets mitschreiben und mitlernen,286.0,,2021-08-08 14:58:55,0,,,,0,
356,5112,530,5111.0,Klausurvorbereitung,Vorbereitung auf die Klausuren am ende des semesters,286.0,,2021-08-08 14:55:41,0,,,,0,
357,5111,530,,gute Noten schreiben,,286.0,,2021-08-08 14:54:21,0,,,,0,
358,5110,529,5108.0,In das Land reisen,,283.0,,2021-08-08 14:30:34,0,,,,0,
359,5109,529,5108.0,Sprachunterricht,,283.0,,2021-08-08 14:30:15,0,,,,0,
360,5108,529,,Eine Sprache lernen,,283.0,,2021-08-08 14:29:33,0,,,,0,
361,5107,528,5103.0,Termine,,281.0,,2021-08-08 14:14:16,0,,,,0,
362,5106,528,5103.0,To-do,,281.0,,2021-08-08 14:14:05,0,,,,0,
363,5105,528,5103.0,Klausuren ,,281.0,,2021-08-08 14:13:55,0,,,,0,
364,5104,528,5103.0,Hausarbeit schreiben,,281.0,,2021-08-08 14:13:30,0,,,,0,
365,5103,528,,Studium abschließen,,281.0,,2021-08-08 14:12:19,0,,,,0,
366,5102,527,5097.0,Verhalten begründen,,276.0,,2021-08-08 10:53:51,0,,,,0,
367,5101,527,5097.0,Verhalten beobachten,,276.0,,2021-08-08 10:53:44,0,,,,0,
368,5100,527,5096.0,Weitere Bereiche,,276.0,,2021-08-08 10:53:09,0,,,,0,
369,5099,527,5096.0,Klinisches Praktikum,,276.0,,2021-08-08 10:52:47,0,,,,0,
370,5098,527,5096.0,Forschungspraktikum,,276.0,,2021-08-08 10:52:31,0,,,,0,
371,5097,527,5093.0,Alltagsanwendung,,276.0,,2021-08-08 10:52:03,0,,,,0,
372,5096,527,5093.0,Praktika machen,,276.0,,2021-08-08 10:51:45,0,,,,0,
373,5095,527,5092.0,Inhalte lernen,,276.0,,2021-08-08 10:51:17,0,,,,0,
374,5094,527,5092.0,Kurse belegen,,276.0,,2021-08-08 10:51:10,0,,,,0,
375,5093,527,5091.0,Praxis erfahren,Gelerntes anwenden im Kontakt mit echten Menschen,276.0,,2021-08-08 10:50:14,0,,,,0,
376,5092,527,5091.0,Theorie aneignen,Grundlagen der Psychologie lernen und greifbar haben,276.0,,2021-08-08 10:49:02,0,,,,0,
377,5091,527,,Menschen verstehen,,276.0,,2021-08-08 10:47:03,0,,,,0,
378,5090,526,5087.0,3,,274.0,,2021-08-08 09:56:56,0,,,,0,
379,5089,526,5087.0,2,,274.0,,2021-08-08 09:56:26,0,,,,0,
380,5088,526,5087.0,1,,274.0,,2021-08-08 09:56:18,0,,,,0,
381,5087,526,,Studium,,274.0,,2021-08-08 09:52:34,0,,,,0,
382,5086,525,5084.0,Praktikum-Bericht,,263.0,,2021-08-06 18:13:29,0,,,,0,
383,5085,525,5084.0,BA schreiben,,263.0,,2021-08-06 18:12:09,0,,,,0,
384,5084,525,,Studium abschließen,,263.0,,2021-08-06 18:09:33,0,,,,0,
385,5083,524,5081.0,PIKE Schema,,261.0,,2021-08-06 14:53:37,0,,,,0,
386,5082,524,5081.0,Themefindung,,261.0,,2021-08-06 14:53:01,0,,,,0,
387,5081,524,5064.0,Klare Fragestellung,,261.0,,2021-08-06 14:52:33,0,,,,0,
388,5080,524,5067.0,Gespräche führen,,261.0,,2021-08-06 14:51:56,0,,,,0,
389,5079,524,5066.0,Kleine Ziele setzen,,261.0,,2021-08-06 14:50:36,0,,,,0,
390,5078,524,5066.0,Struktur schaffen,,261.0,,2021-08-06 14:50:12,0,,,,0,
391,5077,524,5066.0,Früh genug anfangen,,261.0,,2021-08-06 14:49:58,0,,,,0,
392,5076,524,5066.0,Plan erstellen,,261.0,,2021-08-06 14:49:49,0,,,,0,
393,5075,524,5065.0,Internet,,261.0,,2021-08-06 14:49:32,0,,,,0,
394,5074,524,5065.0,Bibliothek,,261.0,,2021-08-06 14:49:28,0,,,,0,
395,5073,524,5065.0,Studien,,261.0,,2021-08-06 14:49:25,0,,,,0,
396,5072,524,5065.0,interne Evidenz,,261.0,,2021-08-06 14:49:20,0,,,,0,
397,5071,524,5065.0,externe Evidenz,,261.0,,2021-08-06 14:49:15,0,,,,0,
398,5070,524,5067.0,Studien,,261.0,,2021-08-06 14:48:56,0,,,,1,
399,5069,524,5067.0,Interviews,,261.0,,2021-08-06 14:48:53,0,,,,0,
400,5068,524,5067.0,Beobachtungen,,261.0,,2021-08-06 14:48:49,0,,,,0,
401,5067,524,5064.0,Fallanalyse,,261.0,,2021-08-06 14:48:02,0,,,,0,
402,5066,524,5064.0,Zeitmanagement,,261.0,,2021-08-06 14:47:53,0,,,,0,
403,5065,524,5064.0,Literaturrecherche,,261.0,,2021-08-06 14:47:35,0,,,,0,
404,5064,524,,Bachelorarbeit ,,261.0,,2021-08-06 14:46:35,0,,,,0,
420,5044,521,5039.0,Unterschriften holen,,256.0,,2021-08-06 07:52:08,0,,,,0,
421,5043,521,5038.0,Bewerbungsschreiben,,256.0,,2021-08-06 07:51:37,0,,,,0,
422,5042,521,5041.0,Techniken anwenden,,256.0,,2021-08-06 07:50:35,0,,,,0,
423,5041,521,5037.0,Blockseminar für PPP,,256.0,,2021-08-06 07:50:11,0,,,,0,
424,5040,521,5030.0,Auszeiten setzen,,256.0,,2021-08-06 07:49:20,0,,,,0,
425,5039,521,5036.0,Studienteilnahme,,256.0,,2021-08-06 07:48:24,0,,,,0,
426,5038,521,5035.0,frühzeitig suchen,,256.0,,2021-08-06 07:46:56,0,,,,0,
427,5037,521,5025.0,PPP halten,,256.0,,2021-08-06 07:46:30,0,,,,0,
428,5036,521,5025.0,VP-Stunden sammeln,,256.0,,2021-08-06 07:46:13,0,,,,0,
429,5035,521,5025.0,Praktika absolvieren,,256.0,,2021-08-06 07:45:41,0,,,,0,
430,5034,521,5030.0,to-do-Listen,,256.0,,2021-08-06 07:44:33,0,,,,0,
431,5033,521,5030.0,feste Zeiten setzen,,256.0,,2021-08-06 07:44:12,0,,,,0,
432,5032,521,5031.0,Lerntechniken ,,256.0,,2021-08-06 07:43:15,0,,,,0,
433,5031,521,5026.0,Lernroutinen,,256.0,,2021-08-06 07:42:29,0,,,,0,
434,5030,521,5026.0,Lernpläne,,256.0,,2021-08-06 07:42:14,0,,,,0,
435,5029,521,5025.0,Lernroutinen,,256.0,,2021-08-06 07:39:43,0,,,,1,
436,5028,521,5025.0,Disziplin,,256.0,,2021-08-06 07:39:08,0,,,,1,
437,5027,521,5025.0,Lernpläne,,256.0,,2021-08-06 07:37:47,0,,,,1,
438,5026,521,5025.0,Klausuren bestehen,,256.0,,2021-08-06 07:36:39,0,,,,0,
439,5025,521,,Studium abschließen,,256.0,,2021-08-06 07:31:00,0,,,,0,
440,5024,520,5021.0,zusätzliche Kurse,"Die Kurse, die andere von KI sind, aber stehen mit KI in verbindung",254.0,,2021-08-05 11:54:32,0,,,,0,
441,5023,520,5021.0,KI Technologien,beschäftigen sich mit neu Technologien von KI ,254.0,,2021-08-05 11:53:38,0,,,,0,
442,5022,520,5021.0,KI Kurse,Alle mögliche KI Kurse besuchen,254.0,,2021-08-05 11:52:52,0,,,,0,
443,5021,520,,KI System bauen ,,254.0,,2021-08-05 11:48:26,0,,,,0,
444,5020,519,5005.0,einreichen,,253.0,,2021-08-05 10:28:15,0,,,,0,
445,5019,519,5005.0,abholen,,253.0,,2021-08-05 10:28:12,0,,,,0,
446,5018,519,5005.0,Teilnehmen,,253.0,,2021-08-05 10:28:09,0,,,,0,
447,5017,519,5006.0,Differentielle,,253.0,,2021-08-05 10:27:59,0,,,,0,
448,5016,519,5006.0,Bio,,253.0,,2021-08-05 10:27:56,0,,,,0,
449,5015,519,5006.0,Sozial,,253.0,,2021-08-05 10:27:53,0,,,,0,
450,5014,519,5006.0,A & O,,253.0,,2021-08-05 10:27:50,0,,,,0,
451,5013,519,5006.0,Päda,,253.0,,2021-08-05 10:27:39,0,,,,0,
452,5012,519,5004.0,Diskussion,,253.0,,2021-08-05 10:27:33,0,,,,0,
453,5011,519,5004.0,SPSS,,253.0,,2021-08-05 10:27:30,0,,,,0,
454,5010,519,5004.0,Resultate,,253.0,,2021-08-05 10:27:29,0,,,,0,
455,5009,519,5004.0,Methoden,,253.0,,2021-08-05 10:27:26,0,,,,0,
456,5008,519,5004.0,Studie durchführen,,253.0,,2021-08-05 10:27:23,0,,,,0,
457,5007,519,5004.0,Einleitung,,253.0,,2021-08-05 10:27:18,0,,,,0,
458,5006,519,5003.0,Klausuren,,253.0,,2021-08-05 10:25:59,0,,,,0,
459,5005,519,5003.0,VP-Stunden,,253.0,,2021-08-05 10:25:53,0,,,,0,
460,5004,519,5003.0,Bachelorarbeit,,253.0,,2021-08-05 10:25:49,0,,,,0,
461,5003,519,,Bachelorabschluss,,253.0,,2021-08-05 10:23:22,0,,,,0,
462,5002,518,4999.0,Interviews führen,,251.0,,2021-08-03 17:39:23,0,,,,0,
463,5001,518,4999.0,Empirische Methode,,251.0,,2021-08-03 17:39:00,0,,,,0,
464,5000,518,4999.0,Notizen zu Literatur,,251.0,,2021-08-03 17:38:51,0,,,,0,
465,4999,518,4991.0,Schreiben,,251.0,,2021-08-03 17:38:33,0,,,,0,
466,4998,518,4996.0,Vorgaben suchen,,251.0,,2021-08-03 17:38:18,0,,,,0,
467,4997,518,4996.0,Gliederung erstellen,,251.0,,2021-08-03 17:37:37,0,,,,0,
468,4996,518,4991.0,Dokument formatieren,,251.0,,2021-08-03 17:37:23,0,,,,0,
469,4995,518,4992.0,Frage formulieren,,251.0,,2021-08-03 17:36:57,0,,,,0,
470,4994,518,4992.0,Recherche,,251.0,,2021-08-03 17:36:52,0,,,,0,
471,4993,518,4992.0,Recherche,,251.0,,2021-08-03 17:36:08,0,,,,1,
472,4992,518,4991.0,Thema finden,,251.0,,2021-08-03 17:35:55,0,,,,0,
473,4991,518,,Masterarbeit,,251.0,,2021-08-03 17:35:41,0,,,,0,
479,4985,512,4984.0,A1 Kurs absolvieren,,248.0,,2021-08-02 19:58:36,0,,,,0,
480,4984,512,,Italienisch lernen,,248.0,,2021-08-02 19:57:43,0,,,,0,
481,4983,510,4981.0,Auftreten verbessern,,247.0,,2021-08-02 19:21:37,0,,,,0,
482,4982,510,4981.0,Ängste konfrontieren,,247.0,,2021-08-02 19:21:21,0,,,,0,
483,4981,510,4978.0,Selbstbewusstsein,,247.0,,2021-08-02 19:20:41,0,,,,0,
484,4980,510,4978.0,Programmierkenntnis,,247.0,,2021-08-02 19:20:29,0,,,,0,
485,4979,510,4978.0,Soft Skills,,247.0,,2021-08-02 19:20:09,0,,,,0,
486,4978,510,4965.0,Kompetenzbildung,,247.0,,2021-08-02 19:19:30,0,,,,0,
487,4977,511,4966.0,Schwimmen,Schwimmen lehren,245.0,,2021-08-02 19:19:28,0,,,,0,
488,4976,510,4973.0,Berufswunsch,,247.0,,2021-08-02 19:17:56,0,,,,0,
489,4975,510,4973.0,Praktika,,247.0,,2021-08-02 19:17:48,0,,,,0,
490,4974,510,4973.0,Master,,247.0,,2021-08-02 19:17:39,0,,,,0,
491,4973,510,4965.0,Zukunftsplanung,,247.0,,2021-08-02 19:17:24,0,,,,0,
492,4972,510,4968.0,Modul,,247.0,,2021-08-02 19:16:46,0,,,,0,
493,4971,510,4968.0,Interesse,,247.0,,2021-08-02 19:16:41,0,,,,0,
494,4970,510,4968.0,ECTS,,247.0,,2021-08-02 19:16:30,0,,,,0,
495,4969,511,4966.0,für Sport,,245.0,,2021-08-02 19:16:28,0,,,,0,
496,4968,510,4967.0,Kurswahl,,247.0,,2021-08-02 19:16:04,0,,,,0,
497,4967,510,4965.0,ECTS sammeln,,247.0,,2021-08-02 19:15:28,0,,,,0,
498,4966,511,,Lehrkraft,,245.0,,2021-08-02 19:14:45,0,,,,0,
499,4965,510,,Studium abschließen,,247.0,,2021-08-02 19:14:14,0,,,,0,
500,4964,509,4961.0,Programmieren,,244.0,,2021-08-02 12:13:23,0,,,,0,
501,4963,509,4961.0,Buch lesen,,244.0,,2021-08-02 12:12:40,0,,,,0,
502,4962,509,4961.0,Online Kurs,,244.0,,2021-08-02 12:12:31,0,,,,0,
503,4961,509,,Wissen aggregieren,,244.0,,2021-08-02 12:11:19,0,,,,0,
504,4960,508,4959.0,Vorbereiten,Ecmoanlage vorbereiten ,240.0,,2021-08-01 19:55:47,0,,,,0,
505,4959,508,,Ecmo lernen,,240.0,,2021-08-01 19:51:39,0,,,,0,
506,4958,507,4955.0,Mündliche Prüfung,,239.0,,2021-07-31 21:04:51,0,,,,0,
507,4957,507,4954.0,Kurse wählen,,239.0,,2021-07-31 21:04:19,0,,,,0,
508,4956,507,4953.0,Bachelorarbeit,,239.0,,2021-07-31 21:04:08,0,,,,0,
509,4955,507,4953.0,Modulprüfungen,,239.0,,2021-07-31 21:03:58,0,,,,0,
510,4954,507,4953.0,ECTS sammlen,,239.0,,2021-07-31 21:03:30,0,,,,0,
511,4953,507,,Studium abschließen,,239.0,,2021-07-31 21:02:33,0,,,,0,
512,4952,506,4949.0,Ziel visualisieren,"Sich immer wieder das Ziel vor dem inneren Auge visualisieren! Wie werde ich mich fühlen wenn ich das Paper publiziert habe? Vielleicht einen Ausdruck davon anfertigen, den man dann bei sich aufhängt: DA will ich hin!",238.0,,2021-07-31 13:27:42,0,,,,0,
513,4951,506,4949.0,Ablenkung entfernen,Ablenkungen sollten entfernt werden - z.B. indem social media stumm schaltet oder nicht erreichbar ist,238.0,,2021-07-31 13:26:21,0,,,,0,
514,4950,506,4949.0,Feste Arbeitszeiten,Feste Arbeitszeiten für das Projekt sollten festgelegt werden. Alles andere muss dann während dessen offline sein!,238.0,,2021-07-31 13:25:24,0,,,,0,
515,4949,506,4899.0,Mentales Management,Oft hat man zu viele Dinge auf einmal im Kopf. Das mentale Aufgaben jonglieren kann einen dann ganz schön im Weg stehen. Aber auch dafür gibt es Lösungen,238.0,,2021-07-31 13:24:29,0,,,,0,
516,4948,506,4941.0,Belohnungen,Belohnungen wenn es geschafft hat Deadlines einzuhalten,238.0,,2021-07-31 13:23:18,0,,,,0,
517,4947,506,4946.0,Kanban Online,"Eine Kanban bei dem Aufgaben online zugeteilt werden können, kann dabei helfen!",238.0,,2021-07-31 13:22:21,0,,,,0,
518,4946,506,4899.0,Aufgaben aufteilen,Eine Person alleine kann nicht alles stemmen. Auch die Hauptautorin nicht. Aufgaben deligieren ist dafür essentiell.,238.0,,2021-07-31 13:21:56,0,,,,0,
519,4945,506,4944.0,Kalender,Einen Kalendar zu erstellen kann helfen!,238.0,,2021-07-31 13:21:17,0,,,,0,
520,4944,506,4899.0,Organisation,Irgendwie muss man das ganze organisieren! Meistens sind alle beschäftigt und haben mehrere Projekte gleichzeitig am Laufen!,238.0,,2021-07-31 13:20:56,0,,,,0,
521,4943,506,4941.0,Externe Deadlines,Gibt es externe Deadlines? Z.B. vom Journal oder durch die Konferenz?,238.0,,2021-07-31 13:20:10,0,,,,0,
522,4942,506,4941.0,Interne Deadlines,Sollte man sich setzen! Kalendar kann helfen!,238.0,,2021-07-31 13:19:41,0,,,,0,
523,4941,506,4899.0,Deadlines,Ohne Deadlines passiert nichts.,238.0,,2021-07-31 13:19:02,0,,,,0,
524,4940,506,4898.0,Reihenfolge Authors,Schon von Anfang an sollte das geklärt werden: In welcher Reihenfolge sollen die Autor:innen genannt werden? Da sollte man vorsichtig sein und das möglichst früh klären!,238.0,,2021-07-31 13:18:24,0,,,,0,
525,4939,506,4934.0,Kooperationsinstitut,Andere Institute wollen vielleicht kooperieren oder die Arbeit finanziell unterstützen. Passen die Ideale dieser Institute (oder Firmen) zur Forschung? Haben die publicity die der Arbeit gut tun könnte? Welche Bedürfnisse und Wünsche haben die Kooperationspartner:innen? Kann und möchte man diesen gerecht werden?,238.0,,2021-07-31 13:16:37,0,,,,0,
526,4938,506,4934.0,Hauptinstitution,Das ist der Ort wo du deine Forschung machst und wer deine Arbeit finanziert,238.0,,2021-07-31 13:14:49,0,,,,0,
527,4937,506,4933.0,Mitstreiter:innen,Mit wem kannst du gut zusammenarbeiten? Könnt ihr eure Arbeit sinnvoll gemeinsam aufteilen?,238.0,,2021-07-31 13:13:59,0,,,,0,
528,4936,506,4933.0,Peers,"Mit wem kannst du dich austauschen, auch wenn sie nicht mitarbeiten? Wo kannst du neue Ideen bekommen oder dich auskotzen?",238.0,,2021-07-31 13:13:23,0,,,,0,
529,4935,506,4933.0,Supervisoren/Mentore,Wer kann dich unterstützen? Wer leitet dich gut an? Wer fördert dich? Wo fühlst du dich wohl? Wer kann dir helfen konstruktiv zu arbeiten?,238.0,,2021-07-31 13:12:50,0,,,,0,
530,4934,506,4898.0,Institutionen,Suche nach Institutionen bei denen du deine Forschungswünsche umsetzen kannst! Und die dich gut unterstüzen können in deiner Forschung!,238.0,,2021-07-31 13:11:47,0,,,,0,
531,4933,506,4898.0,Personen,Finde Leute mit denen du gut zusammenarbeiten kannst!,238.0,,2021-07-31 13:11:04,0,,,,0,
532,4932,506,4895.0,Überarbeitung,Ein Paper wird immer wieder überarbeitet. Schriftlich aber auch von der Forschungseite aus. Das gehört dazu! Neues Feedback kommt dazu und irgendwann auch reviews die eingearbeitet werden müssen!,238.0,,2021-07-31 13:10:30,0,,,,0,
533,4931,506,4896.0,Überarbeitung,Man kriegt immer wieder neues Feedback und später Reviews. Überarbeiten gehört dazu!,238.0,,2021-07-31 13:09:02,0,,,,1,
534,4930,506,4897.0,Repeat: Überarbeiten,Texte für Paper werden x-mal überarbeitet. Das ist normal. Also einfach nochmal. Und nochmal! Später kriegt man auch von den reviews Feedback das man einarbeiten muss!,238.0,,2021-07-31 13:07:19,0,,,,0,
535,4929,506,4897.0,Feedback,"Wenn der Text einmal steht, dann holt man sich Feedback ein.",238.0,,2021-07-31 13:06:15,0,,,,0,
536,4928,506,4897.0,Einfach machen,Die Texte für das Paper einfach verfassen - und zwar von Anfang an! Schon bei der Backgroundresearch lohnt es sich das gerade gelesene Wissen zu Papier zu bringen!,238.0,,2021-07-31 13:05:53,0,,,,0,
537,4927,506,4897.0,Üben!,Schreiben muss geübt sein. Schreiben ist auch eine Haltung. Muss mindestens einmal die Woche gemacht werden um in Übung zu bleiben,238.0,,2021-07-31 13:04:53,0,,,,0,
538,4926,506,4897.0,Wissen aneignen,Wie schreibt man gut wissenschaftlich? Bücher und Materialien dazu suchen und durcharbeiten,238.0,,2021-07-31 13:04:10,0,,,,0,
539,4925,506,4920.0,Kontakt außen,"Kontakt halten mit anderen Forscher:innen. Per mail nachfragen, Feedback einholen. Auch mal mit ihnen zoomen, etc.",238.0,,2021-07-31 13:02:28,0,,,,0,
540,4924,506,4918.0,Kontakt außen,"Kontakt halten mit anderen Forscher:innen in dem Bereich! Per Mail nachfragen, Feedback einholen",238.0,,2021-07-31 13:01:30,0,,,,1,
541,4923,506,4918.0,Präsentationen inter,"Intern Präsentation halten, mit den eigenen Leuten sprechen",238.0,,2021-07-31 13:00:06,0,,,,0,
542,4922,506,4920.0,Konferenzen,Hier kriegt man Feedback von Leuten die sich auskennen!,238.0,,2021-07-31 12:59:16,0,,,,0,
543,4921,506,4918.0,Konferenzen,,238.0,,2021-07-31 12:58:45,0,,,,1,
544,4920,506,4915.0,Forschung evaluieren,Andere fragen: Haben wir das so richtig gemacht? Was sagt eure Expertise? Habt hier noch andere Ideen oder Anregungen?,238.0,,2021-07-31 12:58:19,0,,,,0,
545,4919,506,4915.0,Methoden evaluieren,"Haben andere bessere Methoden verwendet? Können wir unseren Ansatz mit anderen vergleichen? Wenn ja, wie und wenn nein, warum nicht?",238.0,,2021-07-31 12:57:38,0,,,,0,
546,4918,506,4914.0,Forschung evaluieren,"Machen wir das so, wie wir das wollen? Entspricht das unseren Arbeitsstandards?",238.0,,2021-07-31 12:56:43,0,,,,0,
547,4917,506,4914.0,Methoden evaluieren,Ist die Methode gut? Macht sie was sie soll? Vergleich mit Baseline oder anderen implementierten Methoden,238.0,,2021-07-31 12:55:26,0,,,,0,
548,4916,506,4902.0,Methodik Evaluierung,Wie evaluieren wir intern und extern? Welche Methoden verwenden wir? Welche Metriken? Wann ist ein Ergebnis gut oder schlecht?,238.0,,2021-07-31 12:53:56,0,,,,0,
549,4915,506,4902.0,Externe Evaluierung,Aber man muss die Forschung und die Methoden auch extern evaluieren,238.0,,2021-07-31 12:52:23,0,,,,0,
550,4914,506,4902.0,Interne Evaluierung,Man muss seine Methoden und seine Arbeit im Allgemeinen intern evaluieren,238.0,,2021-07-31 12:52:00,0,,,,0,
551,4913,506,4902.0,Methode der Eval.,Wie willst du evaluieren? Wann ist eine Lösung gut oder schlecht? Welche Metriken oder Vergleichsmethoden verwendest du?,238.0,,2021-07-31 12:50:19,0,,,,1,
552,4912,506,4908.0,Methoden Optimieren,Oder man verbessert alt bekannte Methoden!,238.0,,2021-07-31 12:48:46,0,,,,0,
553,4911,506,4908.0,Neu Ausdenken,Oder man kann was komplett neues entwerfen. Aber auch hier verwendet man meistens bekannte Methoden und Konzepte und vermischt sie nur stärker oder man vermischt sie nur auf einer Meta Ebene,238.0,,2021-07-31 12:48:27,0,,,,0,
554,4910,506,4908.0,Bekannte Methoden,Man kann altbekannte Methoden verwenden und sie auf neue Probleme anwenden und anpassen!,238.0,,2021-07-31 12:47:14,0,,,,0,
555,4909,506,4908.0,Fusion alte Methoden,"Man kann bekannte und bewährte Methoden fusionieren, wenn sich das anbietet.",238.0,,2021-07-31 12:46:45,0,,,,0,
556,4908,506,4901.0,Neue Methoden,Neue Methoden implementieren! Hier darf man kreativ werden!,238.0,,2021-07-31 12:46:05,0,,,,0,
557,4907,506,4905.0,Aufbereiten,"Nach dem Daten sammeln wichtig und auch wenn es die Daten schon gibt. Das nimmt einen großen Teil des Codens bei ML Papers ein: Daten aufbereiten, verstehen und analysieren.",238.0,,2021-07-31 12:44:55,0,,,,0,
558,4906,506,4905.0,Sammeln,"Selber Daten holen! Dafür muss die Fragestellung schon sehr klar sein, damit man die richtigen Daten sammelt!",238.0,,2021-07-31 12:44:04,0,,,,0,
559,4905,506,4900.0,Daten,"Daten sammeln oder aufbereiten, wenn sich das anbietet, die die Frage adressieren oder zur Problem Bewältigung notwendig sind!",238.0,,2021-07-31 12:43:26,0,,,,0,
560,4904,506,4901.0,Baseline,Was ist die aktuell beste Lösung? Implementieren! Wichtig für die Evaluation später!,238.0,,2021-07-31 12:41:53,0,,,,0,
561,4903,506,4900.0,Recherche,Man muss das Problem verstehen und sich dazu belesen! Was gibt es schon? Ist das wirklich ein Problem? Für wen? Was muss eine Lösung alles können?,238.0,,2021-07-31 12:41:13,0,,,,0,
562,4902,506,4896.0,Evaluierung,Anschließend evaluiert man seine Lösung: Ist das gut? Ist das besser als das was es schon gibt?,238.0,,2021-07-31 12:40:18,0,,,,0,
563,4901,506,4896.0,Lösung/Methoden,Nach der Problemformulierung sucht man Methoden mit denen man das ganze angehen kann. Das sollte eine Lösung für das Problem darstellen.,238.0,,2021-07-31 12:39:20,0,,,,0,
564,4900,506,4896.0,Problem/Frage,Als erstes braucht man ein Problem oder eine Fragestellung die man angehen möchte!,238.0,,2021-07-31 12:37:48,0,,,,0,
565,4899,506,4895.0,Zeitmanagement,Ohne Zeitmanagement keine Publikation - sonst arbeitet man an X Projekten gleichzeitig und nichts wird abgeschlossen,238.0,,2021-07-31 12:33:12,0,,,,0,
566,4898,506,4895.0,Kooperationen,Meistens schreibt man nicht alleine an einem Paper sondern mit anderen Menschen und Institutionen gemeinsam,238.0,,2021-07-31 12:31:56,0,,,,0,
567,4897,506,4895.0,Schreiben,Man muss lernen gut wissenschaftlich zu schreiben - verständlich und klar strukturiert,238.0,,2021-07-31 12:31:12,0,,,,0,
568,4896,506,4895.0,Forschung,Man muss forschen um ein Paper veröffentlichen zu können.,238.0,,2021-07-31 12:30:28,0,,,,0,
569,4895,506,,Publish Paper,,238.0,,2021-07-31 12:29:10,0,,,,0,
570,4894,505,4890.0,Aufgaben bearbeiten,Sprintaufgaben gewissenhaft bearbeiten und an ihnen wachsen,237.0,,2021-07-31 09:57:09,0,,,,0,
571,4893,505,4890.0,Praktikum beenden,,237.0,,2021-07-31 09:56:52,0,,,,0,
572,4892,505,4890.0,Thema finden,,237.0,,2021-07-31 09:56:39,0,,,,0,
573,4891,505,4890.0,Praktikum beenden,,237.0,,2021-07-31 09:56:07,0,,,,1,
574,4890,505,,Bachelorarbeit,,237.0,,2021-07-31 09:55:13,0,,,,0,
575,4889,504,,Plan Auslands Sem.,,236.0,,2021-07-30 15:57:55,0,,,,0,
576,4888,503,4887.0,Inhalt strukturieren,,234.0,,2021-07-30 13:39:04,0,,,,0,
577,4887,503,4884.0,Inhalte bestimmen,,234.0,,2021-07-30 13:38:47,0,,,,0,
578,4886,503,4885.0,Latex installieren,,234.0,,2021-07-30 13:38:33,0,,,,0,
579,4885,503,4884.0,Editor auswählen,,234.0,,2021-07-30 13:38:15,0,,,,0,
580,4884,503,4867.0,Schreiben,,234.0,,2021-07-30 13:38:03,0,,,,0,
581,4883,503,4879.0,Daten auswerten,,234.0,,2021-07-30 13:37:21,0,,,,0,
582,4882,503,4879.0,Daten auswerten,,234.0,,2021-07-30 13:37:20,0,,,,1,
583,4881,503,4879.0,Daten generieren,,234.0,,2021-07-30 13:36:54,0,,,,0,
584,4880,503,4879.0,Modelle implementier,,234.0,,2021-07-30 13:36:47,0,,,,0,
585,4879,503,4867.0,Programmieren,,234.0,,2021-07-30 13:36:19,0,,,,0,
586,4878,503,4876.0,Thema bestimmen,,234.0,,2021-07-30 13:35:03,0,,,,0,
587,4877,503,4876.0,Zweitprüfer finden,,234.0,,2021-07-30 13:34:46,0,,,,0,
588,4876,503,4867.0,Betreuer finden,,234.0,,2021-07-30 13:34:34,0,,,,0,
589,4875,503,4868.0,Scheine sammeln,,234.0,,2021-07-30 13:33:13,0,,,,0,
590,4874,503,4868.0,CV verfassen,,234.0,,2021-07-30 13:32:50,0,,,,0,
591,4873,503,4868.0,Imma-Bescheinigung,Immatrikulationsbescheinigung,234.0,,2021-07-30 13:32:09,0,,,,0,
592,4872,503,4868.0,transcript of record,,234.0,,2021-07-30 13:31:39,0,,,,0,
593,4871,503,4869.0,Experimente suchen,,234.0,,2021-07-30 13:31:04,0,,,,0,
594,4870,503,4869.0,Experimente machen,,234.0,,2021-07-30 13:30:57,0,,,,0,
595,4869,503,4868.0,10 VP Stunden,,234.0,,2021-07-30 13:29:25,0,,,,0,
596,4868,503,4867.0,Anmelden,,234.0,,2021-07-30 13:28:01,0,,,,0,
597,4867,503,,Bachelorarbeit,,234.0,,2021-07-30 13:26:12,0,,,,0,
598,4866,502,4858.0,Bewerben,"Ich muss viele Bewerbungen schreiben, in denen ich genau meine Pläne darlege. ",233.0,,2021-07-30 13:06:33,0,,,,0,
599,4865,502,4856.0,Pläne priorisieren,Ich muss das Ziel mit anderen Plänen nach dem Studium abwägen und mich für eine Priorisierung entscheiden. ,233.0,,2021-07-30 13:05:47,0,,,,0,
600,4864,502,4856.0,Studium planen,"Während des Studiums kann ich nicht genug Geld verdienen. Ich muss abschätzen, wann ich mein Studium beende.",233.0,,2021-07-30 13:05:00,0,,,,0,
601,4863,502,4860.0,Kosten kaluklieren,"An welchen Orten auf der Welt sind die Lebenshaltungskosten so gering, dass ich mir neben einem Teilzeitjob noch die Tauchausbildung leisten kann?",233.0,,2021-07-30 13:03:36,0,,,,0,
602,4862,502,4860.0,Gebiete eingrenzen,Welche Tauchgebiete sind für mich besonders interessant?,233.0,,2021-07-30 13:02:18,0,,,,0,
603,4861,502,4860.0,Schule eingrenzen,Welche Tauchschulen sind für mich besonders interessant?,233.0,,2021-07-30 13:01:43,0,,,,0,
604,4860,502,4854.0,Ort wählen,An welchem Ort auf der Welt möchte ich die Ausbildung absolvieren?,233.0,,2021-07-30 13:01:12,0,,,,0,
605,4859,502,4855.0,Wohnort wählen,An welchem Ort möchte ich in der Zeit der Ausbildung leben?,233.0,,2021-07-30 12:59:29,0,,,,1,
606,4858,502,4857.0,Teilzeit-Job finden,,233.0,,2021-07-30 12:58:59,0,,,,0,
607,4857,502,4854.0,Unterhalt sichern,"Ich muss mich während der Ausbildungszeit finanziell absichern, sodass mir immer genügen Geld zum Leben zur Verfügung steht. ",233.0,,2021-07-30 12:58:02,0,,,,0,
608,4856,502,4854.0,Zeitraum wählen,"Ich muss mich für einen Zeitraum oder mehrere Zeiträume entscheiden, in denen ich die Ausblidung absolvieren möchte. ",233.0,,2021-07-30 12:56:11,0,,,,0,
609,4855,502,4854.0,Schule wählen,"Ich muss mich für eine Tauchschule entscheiden, an der ich die Ausbildung absolvieren möchte",233.0,,2021-07-30 12:55:30,0,,,,1,
610,4854,502,,Tauchlehrer werden,,233.0,,2021-07-30 12:52:53,0,,,,0,
611,4853,501,4850.0,o,,231.0,,2021-07-29 13:29:23,0,,,,0,
612,4852,501,4850.0,i,,231.0,,2021-07-29 13:29:20,0,,,,0,
613,4851,501,4850.0,u,,231.0,,2021-07-29 13:29:17,0,,,,0,
614,4850,501,,j,,231.0,,2021-07-29 13:29:08,0,,,,0,
615,4849,500,4846.0,ziele,,230.0,,2021-07-29 11:49:21,0,,,,0,
616,4848,500,4846.0,hug,,230.0,,2021-07-29 11:49:08,0,,,,0,
617,4847,500,4846.0,teilziel,,230.0,,2021-07-29 11:48:57,0,,,,0,
618,4846,500,4845.0,unterziel,,230.0,,2021-07-29 11:48:41,0,,,,0,
619,4845,500,,f,,230.0,,2021-07-29 11:48:26,0,,,,0,
620,4844,499,4841.0,referat,,229.0,,2021-07-29 11:40:45,0,,,,0,
621,4843,499,4842.0,r,,229.0,,2021-07-29 11:40:38,0,,,,0,
622,4842,499,4841.0,weiters ziel,,229.0,,2021-07-29 11:40:34,0,,,,0,
623,4841,499,4840.0,ziel b,,229.0,,2021-07-29 11:40:28,0,,,,0,
624,4840,499,,eins,,229.0,,2021-07-29 11:40:23,0,,,,0,
625,4839,498,4838.0,j,,228.0,,2021-07-29 11:35:15,0,,,,0,
626,4838,498,4834.0,h,,228.0,,2021-07-29 11:35:08,0,,,,0,
627,4837,498,4834.0,d,,228.0,,2021-07-29 11:34:27,0,,,,0,
628,4836,498,4834.0,c,,228.0,,2021-07-29 11:34:24,0,,,,1,
629,4835,498,4834.0,g,,228.0,,2021-07-29 11:34:19,0,,,,0,
630,4834,498,,a,,228.0,,2021-07-29 11:34:16,0,,,,0,
631,4833,497,4829.0,b,,227.0,,2021-07-29 07:12:37,0,,,,0,
632,4832,497,4829.0,ziel v,,227.0,,2021-07-29 07:12:28,0,,,,0,
633,4831,497,4829.0,weiters ziel,,227.0,,2021-07-29 07:12:06,0,,,,0,
634,4830,497,4829.0,ziel zwei,,227.0,,2021-07-29 07:11:47,0,,,,0,
635,4829,497,,test ziel,,227.0,,2021-07-29 07:09:10,0,,,,0,
637,4827,495,4824.0,zile g,,224.0,,2021-07-28 10:28:40,0,,,,0,
638,4826,495,4824.0,zirlf,,224.0,,2021-07-28 10:28:37,0,,,,0,
639,4825,495,4824.0,zielu,,224.0,,2021-07-28 10:28:33,0,,,,0,
640,4824,495,,ziela,,224.0,,2021-07-28 10:28:20,0,,,,0,
654,4810,491,4807.0,Ziel e,,220.0,,2021-07-20 08:41:37,0,,,,1,
655,4809,491,4807.0,Ziel c,,220.0,,2021-07-20 08:41:17,0,,,,0,
656,4808,491,4807.0,Ziel b,,220.0,,2021-07-20 08:41:09,0,,,,0,
657,4807,491,,Ziel f,,220.0,,2021-07-20 08:37:39,0,,,,0,
658,4806,490,4804.0,ziel c,,215.0,,2021-07-19 08:52:26,0,,,,0,
659,4805,490,4804.0,ziel b,,215.0,,2021-07-19 08:52:21,0,,,,0,
660,4804,490,,Ziel a,,215.0,,2021-07-19 08:52:00,0,,,,0,
661,4803,489,4801.0,Ziel drei,,214.0,,2021-07-19 08:13:02,0,,,,0,
662,4802,489,4801.0,Ziel zwei,,214.0,,2021-07-19 08:12:56,0,,,,0,
663,4801,489,,Ziel eins,,214.0,,2021-07-19 08:11:54,0,,,,0,
730,4734,481,4733.0,Ziel d,,208.0,,2021-07-15 15:07:00,0,,,,0,
731,4733,481,4731.0,Ziel c,,208.0,,2021-07-15 15:06:54,0,,,,0,
732,4732,481,4731.0,Ziel b,,208.0,,2021-07-15 15:06:48,0,,,,0,
733,4731,481,,Ziel a,,208.0,,2021-07-15 15:02:01,0,,,,0,
734,4730,480,4727.0,ziel c,,205.0,,2021-07-15 14:48:24,0,,,,0,
735,4729,480,4727.0,ziel b,,205.0,,2021-07-15 14:48:17,0,,,,0,
736,4728,480,4727.0,ziel b,,205.0,,2021-07-15 14:48:17,0,,,,0,
737,4727,480,,Ziel a,,205.0,,2021-07-15 14:47:28,0,,,,0,
738,4726,479,4725.0,Testen,,204.0,,2021-07-15 14:34:10,0,,,,1,
739,4725,479,,Test,,204.0,,2021-07-15 14:34:05,0,,,,0,
742,4722,477,4720.0,ziel c,,197.0,,2021-07-11 15:27:40,0,,,,0,
743,4721,477,4720.0,ziel b,,197.0,,2021-07-11 15:27:34,0,,,,0,
744,4720,477,,ziel a,,197.0,,2021-07-11 15:27:20,0,,,,0,
745,4719,476,4716.0,ziel d,,196.0,,2021-07-09 21:08:24,0,,,,0,
746,4718,476,4716.0,ziel c,,196.0,,2021-07-09 21:08:19,0,,,,0,
747,4717,476,4716.0,zielb,,196.0,,2021-07-09 21:08:14,0,,,,0,
748,4716,476,,ziela,,196.0,,2021-07-09 21:08:06,0,,,,0,
868,4587,462,4579.0,Prüfung bestehen,,178.0,,2021-07-07 17:33:11,0,,,,0,
869,4586,462,4579.0,Prüfung vorbereiten,,178.0,,2021-07-07 17:32:58,0,,,,0,
870,4585,462,4579.0,Prüfungen wählen,Prüfungsseminare entsprechend des Interesses auswählen,178.0,,2021-07-07 17:32:33,0,,,,0,
871,4584,462,4579.0,Nachbereiten,Inhalte der Vorlesungen vor- und nachbereiten,178.0,,2021-07-07 17:31:52,0,,,,0,
872,4583,462,4579.0,Aktiv teilnehmen,"Aktiv an Vorlesungen teilnehmen, also mitschreiben, Fragen beatworten und stellen",178.0,,2021-07-07 17:30:50,0,,,,0,
873,4582,462,4579.0,Vorlesungen besuchen,,178.0,,2021-07-07 17:29:27,0,,,,0,
874,4581,462,4579.0,Vorlesungen wählen,Vorlesungen nach Interessen auswählen,178.0,,2021-07-07 17:29:15,0,,,,0,
875,4579,462,,Studium abschließen,,178.0,,2021-07-07 17:25:38,0,,,,0,
989,4457,450,4449.0,Gutes Ergebnis,,172.0,,2021-07-07 07:26:39,0,,,,0,
990,4456,450,4449.0,Neue Kompetenzen,,172.0,,2021-07-07 07:26:18,0,,,,0,
991,4454,450,4449.0,Fähigkeitselbstkonze,,172.0,,2021-07-07 07:24:57,0,,,,0,
992,4453,450,4451.0,To-Do-Liste,,172.0,,2021-07-07 07:23:44,0,,,,0,
993,4451,450,4447.0,Zeit,,172.0,,2021-07-07 07:21:44,0,,,,0,
994,4450,450,4447.0,Interesse,,172.0,,2021-07-07 07:19:54,0,,,,0,
995,4449,450,4447.0,Motivation,,172.0,,2021-07-07 07:19:45,0,,,,0,
996,4448,450,4447.0,Anwesenheit,,172.0,,2021-07-07 07:19:22,0,,,,0,
997,4447,450,,Klausur bestehen,,172.0,,2021-07-07 07:18:04,0,,,,0,
998,4446,449,4442.0,Motivation ,,171.0,,2021-07-06 22:05:06,0,,,,0,
999,4445,449,4442.0,Disziplin ,Motivation ,171.0,,2021-07-06 22:03:04,0,,,,0,
1000,4442,449,,Studium abschließen ,"Motivation 
Zeitmanagement ",171.0,,2021-07-06 21:57:21,0,,,,0,
1294,4144,416,4142.0,weniger Telefonate,,159.0,,2021-07-04 18:20:37,0,,,,0,
1295,4143,416,4142.0,schneller arbeiten,,159.0,,2021-07-04 18:20:20,0,,,,0,
1296,4142,416,4140.0,Zeitmanagement,,159.0,,2021-07-04 18:20:04,0,,,,0,
1297,4141,416,4139.0,weniger detailliert,,159.0,,2021-07-04 18:19:23,0,,,,0,
1298,4140,416,4138.0,<25h,,159.0,,2021-07-04 18:18:02,0,,,,0,
1299,4139,416,4138.0,5 pro Woche,,159.0,,2021-07-04 18:16:45,0,,,,0,
1300,4138,416,,Schadenbearbeitung,,159.0,,2021-07-04 18:15:17,0,,,,0,
1301,4137,415,4132.0,Reputation,Wie gut ist die Schule / Lehrer,158.0,,2021-07-04 18:14:52,0,,,,0,
1302,4136,415,4133.0,Schriftzeichen,Welche Schriftzeichen entsprechen welchen Vokabeln /Wörtern / Bedeutung ,158.0,,2021-07-04 18:14:01,0,,,,0,
1303,4135,415,4133.0,Welche / wie viele,"Welche Vokabeln muss ich lernen, damit ich mich schnell verständigen kann.",158.0,,2021-07-04 18:13:24,0,,,,0,
1304,4134,415,4132.0,Entfernung,Welche sind in der näheren Entfernung,158.0,,2021-07-04 18:12:36,0,,,,0,
1305,4133,415,4130.0,Vokabeln lernen,Wie lerne ich sinnvoll chin. Vokabeln,158.0,,2021-07-04 18:11:42,0,,,,0,
1306,4132,415,4130.0,Sprachinstitute,Wo kann ich chinesisch lernen,158.0,,2021-07-04 18:11:13,0,,,,0,
1307,4131,415,4130.0,Buchrecherche ,"Bücher suchen, die mir helfen, wie ich am besten vorgehe",158.0,,2021-07-04 18:10:39,0,,,,0,
1308,4130,415,,Chinesisch lernen,,158.0,,2021-07-04 18:08:04,0,,,,0,
1309,4129,414,4123.0,Studiengang wählen,"Pool erstellen, evaluieren, bewerten, entscheiden",157.0,,2021-07-04 18:01:54,0,,,,0,
1310,4127,414,4123.0,Erfahrenere befragen,,157.0,,2021-07-04 17:59:33,0,,,,0,
1311,4125,414,4123.0,Messen besuchen,,157.0,,2021-07-04 17:58:49,0,,,,0,
1312,4124,414,4123.0,Internetrecherche,,157.0,,2021-07-04 17:58:33,0,,,,0,
1313,4123,414,4122.0,Studiengänge suchen,,157.0,,2021-07-04 17:58:02,0,,,,0,
1314,4122,414,,Masterstudium,,157.0,,2021-07-04 17:56:58,0,,,,0,
1319,4117,410,4112.0,Vorbereitung,auf Praktika,153.0,,2021-07-01 19:36:01,0,,,,0,
1320,4116,410,4110.0,Zeitplan erstellen ,und einhalten,153.0,,2021-07-01 19:35:31,0,,,,0,
1321,4115,410,4111.0,Tutorien besuchen,,153.0,,2021-07-01 19:34:37,0,,,,0,
1322,4114,410,4111.0,Übungen machen,,153.0,,2021-07-01 19:34:26,0,,,,0,
1323,4113,410,4111.0,min. 10 Tage lernen ,pro Klausur,153.0,,2021-07-01 19:34:14,0,,,,0,
1324,4112,410,4108.0,Praktika abschließen,,153.0,,2021-07-01 19:32:41,0,,,,0,
1325,4111,410,4108.0,Klausuren bestehen,,153.0,,2021-07-01 19:32:20,0,,,,0,
1326,4110,410,4107.0,Bachelorarbeit,,153.0,,2021-07-01 19:32:03,0,,,,0,
1327,4108,410,4107.0,Bachelorprüfungen ,,153.0,,2021-07-01 19:30:14,0,,,,0,
1328,4107,410,,Studium abschließen,,153.0,,2021-07-01 19:28:59,0,,,,0,
1329,4106,409,4101.0,sozial bleiben,,152.0,,2021-07-01 17:54:28,0,,,,0,
1330,4105,409,4102.0,mehr sport,,152.0,,2021-07-01 17:54:15,0,,,,0,
1331,4104,409,4102.0,mehr lernen,,152.0,,2021-07-01 17:54:06,0,,,,0,
1332,4103,409,4102.0,weniger zocken,,152.0,,2021-07-01 17:53:52,0,,,,0,
1333,4102,409,4100.0,adäquate Noten,,152.0,,2021-07-01 17:53:25,0,,,,0,
1334,4101,409,4100.0,keinen Schulverweis,,152.0,,2021-07-01 17:53:12,0,,,,0,
1335,4100,409,4099.0,13 gut durchhalten,,152.0,,2021-07-01 17:52:23,0,,,,0,
1336,4099,409,,Abi schaffen,,152.0,,2021-07-01 17:51:19,0,,,,0,
1338,4097,407,4092.0,Rechtzeitig starten,,150.0,,2021-07-01 13:19:00,0,,,,0,
1339,4096,407,4092.0,Recherche,,150.0,,2021-07-01 13:18:55,0,,,,0,
1340,4095,407,4092.0,Thema festlegen,,150.0,,2021-07-01 13:18:49,0,,,,0,
1341,4094,407,4091.0,Rechtzeitig lernen,,150.0,,2021-07-01 13:17:48,0,,,,0,
1342,4093,407,4091.0,Paper fertigstellen,,150.0,,2021-07-01 13:17:40,0,,,,0,
1343,4092,407,4090.0,Masterarbeit,,150.0,,2021-07-01 13:16:13,0,,,,0,
1344,4091,407,4090.0,Prüfungen bestehen,,150.0,,2021-07-01 13:16:01,0,,,,0,
1345,4090,407,,Master beenden,,150.0,,2021-07-01 13:14:57,0,,,,0,
1346,4089,406,4084.0,Homework,,149.0,,2021-07-01 07:23:49,0,,,,0,
1347,4088,406,4083.0,Lecture,,149.0,,2021-07-01 07:23:39,0,,,,0,
1348,4087,406,4083.0,Fragen,,149.0,,2021-07-01 07:23:31,0,,,,0,
1349,4086,406,4082.0,Lecture,,149.0,,2021-07-01 07:23:24,0,,,,0,
1350,4085,406,4082.0,FRagen,,149.0,,2021-07-01 07:23:22,0,,,,0,
1351,4084,406,4081.0,ACC,,149.0,,2021-07-01 07:23:17,0,,,,0,
1352,4083,406,4081.0,AC2,,149.0,,2021-07-01 07:23:13,0,,,,0,
1353,4082,406,4081.0,AC1,,149.0,,2021-07-01 07:23:06,0,,,,0,
1354,4081,406,,Neurowissenschaft,,149.0,,2021-07-01 07:16:54,0,,,,0,
1355,4080,405,4078.0,gute noten,,148.0,,2021-06-30 16:22:34,0,,,,0,
1356,4079,405,4078.0,abitur,,148.0,,2021-06-30 16:22:18,0,,,,0,
1357,4078,405,4077.0,ABchelordegree,,148.0,,2021-06-30 16:22:12,0,,,,0,
1358,4077,405,,MAsterdegree,,148.0,,2021-06-30 16:22:07,0,,,,0,
1359,4076,404,4074.0,python,,147.0,,2021-06-30 16:17:45,0,,,,0,
1360,4075,404,4074.0,java,,147.0,,2021-06-30 16:17:39,0,,,,0,
1361,4074,404,4073.0,programmieren,,147.0,,2021-06-30 16:17:34,0,,,,0,
1362,4073,404,4068.0,informatik,,147.0,,2021-06-30 16:17:25,0,,,,0,
1363,4072,404,4069.0,lecture,,147.0,,2021-06-30 16:17:19,0,,,,0,
1364,4071,404,4069.0,tutorium,,147.0,,2021-06-30 16:17:16,0,,,,0,
1365,4070,404,4069.0,Hausaufgaben,,147.0,,2021-06-30 16:17:10,0,,,,0,
1366,4069,404,4068.0,mathe,,147.0,,2021-06-30 16:16:56,0,,,,0,
1367,4068,404,,3 body problem,,147.0,,2021-06-30 16:16:51,0,,,,0,
1368,4067,403,4060.0,Europa,,146.0,,2021-06-30 16:08:49,0,,,,0,
1369,4066,403,4062.0,White house,,146.0,,2021-06-30 16:08:22,0,,,,0,
1370,4065,403,4062.0,Geheimsienste,,146.0,,2021-06-30 16:08:11,0,,,,0,
1371,4064,403,4062.0,Armee,,146.0,,2021-06-30 16:08:06,0,,,,0,
1372,4063,403,4061.0,Kreml,,146.0,,2021-06-30 16:07:26,0,,,,0,
1373,4062,403,4060.0,America,,146.0,,2021-06-30 16:07:12,0,,,,0,
1374,4061,403,4060.0,Russland,,146.0,,2021-06-30 16:07:07,0,,,,0,
1375,4060,403,,Weltherrschaft,,146.0,,2021-06-30 16:06:59,0,,,,0,
1376,4059,402,4058.0,Abitur,,145.0,,2021-06-30 15:56:55,0,,,,0,
1377,4058,402,4057.0,Uni Abschluss,,145.0,,2021-06-30 15:56:47,0,,,,0,
1378,4057,402,4054.0,Forschen,,145.0,,2021-06-30 15:56:33,0,,,,0,
1379,4056,402,4054.0,Kontakte knüpfen,,145.0,,2021-06-30 15:56:24,0,,,,0,
1380,4055,402,4054.0,Buch schreiben,,145.0,,2021-06-30 15:56:10,0,,,,0,
1381,4054,402,,Nobelpreis,,145.0,,2021-06-30 15:55:52,0,,,,0,
1706,3710,371,3707.0,ziel d,,138.0,,2021-06-29 07:40:03,0,,,,0,
1707,3709,371,3707.0,ziel c,,138.0,,2021-06-29 07:39:55,0,,,,0,
1709,3707,371,3706.0,ziel b,,138.0,,2021-06-29 07:39:50,0,,,,0,
1710,3706,371,,ziela,,138.0,,2021-06-29 07:39:11,0,,,,0,
1711,3705,370,3703.0,zuschu,,137.0,,2021-06-29 07:24:51,0,,,,0,
1712,3703,370,3702.0,zielc,,137.0,,2021-06-29 07:24:19,0,,,,0,
1713,3702,370,3701.0,zielb,,137.0,,2021-06-29 07:24:14,0,,,,0,
1714,3701,370,,erstes ziel,,137.0,,2021-06-29 07:24:07,0,,,,0,
1765,3649,361,3646.0,ziel d,,131.0,,2021-06-28 13:24:15,0,,,,0,
1766,3648,361,3646.0,ziel c,,131.0,,2021-06-28 13:24:11,0,,,,0,
1767,3647,361,3645.0,zielb,,131.0,,2021-06-28 13:24:03,0,,,,0,
1768,3646,361,3645.0,ziela,,131.0,,2021-06-28 13:23:58,0,,,,0,
1769,3645,361,,Mein Studienziel,,131.0,,2021-06-28 13:23:40,0,,,,0,
